 Student ID , Math Grade , Science Grade , History Grade , English Grade , Sport Grade , Major Recommendation 
1,90.00,85.00,75.00,88.00,92.00, Engineering         
2,78.00,92.00,80.00,85.00,90.00, Medicine            
3,85.00,70.00,88.00,92.00,78.00, History             
4,95.00,88.00,76.00,90.00,85.00, Engineering         
5,82.00,94.00,89.00,86.00,91.00, Medicine            
6,70.00,75.00,68.00,78.00,80.00, Undecided           
7,88.00,92.00,85.00,89.00,88.00, Science             
8,75.00,82.00,78.00,80.00,85.00, Arts                
9,92.00,78.00,90.00,88.00,89.00, Engineering         
10,68.00,72.00,65.00,70.00,75.00, Undecided           
11,85.00,90.00,82.00,88.00,92.00, Medicine            
12,92.00,88.00,78.00,85.00,80.00, Engineering         
13,78.00,82.00,75.00,76.00,70.00, Arts                
14,88.00,94.00,89.00,90.00,88.00, Science             
15,70.00,75.00,68.00,72.00,78.00, Undecided           
16,95.00,92.00,85.00,88.00,91.00, Engineering         
17,82.00,78.00,90.00,86.00,85.00, Medicine            
18,75.00,88.00,76.00,80.00,78.00, Engineering         
19,92.00,70.00,88.00,92.00,90.00, History             
20,68.00,94.00,89.00,75.00,80.00, Undecided           
21,88.00,75.00,78.00,85.00,82.00, Arts                
22,85.00,92.00,82.00,88.00,89.00, Science             
23,70.00,82.00,75.00,76.00,70.00, Undecided           
24,95.00,94.00,85.00,90.00,88.00, Medicine            
25,78.00,75.00,76.00,88.00,92.00, Engineering         
26,88.00,90.00,88.00,85.00,80.00, Medicine            
27,75.00,78.00,75.00,80.00,78.00, Arts                
28,92.00,94.00,89.00,92.00,85.00, Science             
29,68.00,75.00,68.00,70.00,75.00, Undecided           
30,85.00,88.00,76.00,88.00,91.00, Engineering         
31,95.00,82.00,75.00,86.00,90.00, Medicine            
32,82.00,92.00,85.00,85.00,78.00, Engineering         
33,70.00,88.00,90.00,78.00,80.00, Medicine            
34,88.00,70.00,78.00,90.00,92.00, History             
35,75.00,94.00,89.00,76.00,85.00, Undecided           
36,92.00,75.00,68.00,88.00,89.00, Arts                
37,68.00,92.00,82.00,70.00,70.00, Science             
38,85.00,78.00,75.00,85.00,82.00, Arts                
39,95.00,94.00,85.00,90.00,88.00, Engineering         
40,78.00,75.00,76.00,88.00,92.00, Medicine            
41,88.00,90.00,88.00,85.00,80.00, Medicine            
42,75.00,78.00,75.00,80.00,78.00, Undecided           
43,92.00,94.00,89.00,92.00,85.00, Science             
44,68.00,75.00,68.00,70.00,75.00, Undecided           
45,85.00,88.00,76.00,88.00,91.00, Engineering         
46,95.00,82.00,75.00,86.00,90.00, Medicine            
47,82.00,92.00,85.00,85.00,78.00, Engineering         
48,70.00,88.00,90.00,78.00,80.00, Medicine            
49,88.00,70.00,78.00,90.00,92.00, History             
50,75.00,94.00,89.00,76.00,85.00, Undecided           
51,92.00,75.00,68.00,88.00,89.00, Arts                
52,68.00,92.00,82.00,70.00,70.00, Science             
53,85.00,78.00,75.00,85.00,82.00, Arts                
54,95.00,94.00,85.00,90.00,88.00, Engineering         
55,78.00,75.00,76.00,88.00,92.00, Medicine            
56,88.00,90.00,88.00,85.00,80.00, Medicine            
57,75.00,78.00,75.00,80.00,78.00, Undecided           
58,92.00,94.00,89.00,92.00,85.00, Science             
59,68.00,75.00,68.00,70.00,75.00, Undecided           
60,85.00,88.00,76.00,88.00,91.00, Engineering         
61,95.00,82.00,75.00,86.00,90.00, Medicine            
62,82.00,92.00,85.00,85.00,78.00, Engineering         
63,70.00,88.00,90.00,78.00,80.00, Medicine            
64,88.00,70.00,78.00,90.00,92.00, History             
65,75.00,94.00,89.00,76.00,85.00, Undecided           
66,92.00,75.00,68.00,88.00,89.00, Arts                
67,68.00,92.00,82.00,70.00,70.00, Science             
68,85.00,78.00,75.00,85.00,82.00, Arts                
69,95.00,94.00,85.00,90.00,88.00, Engineering         
70,78.00,75.00,76.00,88.00,92.00, Medicine            
71,88.00,90.00,88.00,85.00,80.00, Medicine            
72,75.00,78.00,75.00,80.00,78.00, Undecided           
73,92.00,94.00,89.00,92.00,85.00, Science             
74,68.00,75.00,68.00,70.00,75.00, Undecided           
75,85.00,88.00,76.00,88.00,91.00, Engineering         
76,95.00,82.00,75.00,86.00,90.00, Medicine            
77,82.00,92.00,85.00,85.00,78.00, Engineering         
78,70.00,88.00,90.00,78.00,80.00, Medicine            
79,88.00,70.00,78.00,90.00,92.00, History             
80,75.00,94.00,89.00,76.00,85.00, Undecided           
81,92.00,75.00,68.00,88.00,89.00, Arts                
82,68.00,92.00,82.00,70.00,70.00, Science             
83,85.00,78.00,75.00,85.00,82.00, Arts                
84,95.00,94.00,85.00,90.00,88.00, Engineering         
85,78.00,75.00,76.00,88.00,92.00, Medicine            
86,88.00,90.00,88.00,85.00,80.00, Medicine            
87,75.00,78.00,75.00,80.00,78.00, Undecided           
88,92.00,94.00,89.00,92.00,85.00, Science             
89,68.00,75.00,68.00,70.00,75.00, Undecided           
90,85.00,88.00,76.00,88.00,91.00, Engineering         
91,95.00,82.00,75.00,86.00,90.00, Medicine            
92,82.00,92.00,85.00,85.00,78.00, Engineering         
93,70.00,88.00,90.00,78.00,80.00, Medicine            
94,88.00,70.00,78.00,90.00,92.00, History             
95,75.00,94.00,89.00,76.00,85.00, Undecided           
96,92.00,75.00,68.00,88.00,89.00, Arts                
97,68.00,92.00,82.00,70.00,70.00, Science             
98,85.00,78.00,75.00,85.00,82.00, Arts                
99,95.00,94.00,85.00,90.00,88.00, Engineering         
100,78.00,75.00,76.00,88.00,92.00, Medicine            
101,85.00,88.00,76.00,88.00,91.00, Engineering         
102,95.00,82.00,75.00,86.00,90.00, Medicine            
103,82.00,92.00,85.00,85.00,78.00, Engineering         
104,70.00,88.00,90.00,78.00,80.00, Medicine            
105,88.00,70.00,78.00,90.00,92.00, History             
106,75.00,94.00,89.00,76.00,85.00, Undecided           
107,92.00,75.00,68.00,88.00,89.00, Arts                
108,68.00,92.00,82.00,70.00,70.00, Science             
109,85.00,78.00,75.00,85.00,82.00, Arts                
110,95.00,94.00,85.00,90.00,88.00, Engineering         
111,78.00,75.00,76.00,88.00,92.00, Medicine            
112,88.00,90.00,88.00,85.00,80.00, Medicine            
113,75.00,78.00,75.00,80.00,78.00, Undecided           
114,92.00,94.00,89.00,92.00,85.00, Science             
115,68.00,75.00,68.00,70.00,75.00, Undecided           
116,85.00,88.00,76.00,88.00,91.00, Engineering         
117,95.00,82.00,75.00,86.00,90.00, Medicine            
118,82.00,92.00,85.00,85.00,78.00, Engineering         
119,70.00,88.00,90.00,78.00,80.00, Medicine            
120,88.00,70.00,78.00,90.00,92.00, History             
121,75.00,94.00,89.00,76.00,85.00, Undecided           
122,92.00,75.00,68.00,88.00,89.00, Arts                
123,68.00,92.00,82.00,70.00,70.00, Science             
124,85.00,78.00,75.00,85.00,82.00, Arts                
125,95.00,94.00,85.00,90.00,88.00, Engineering         
126,78.00,75.00,76.00,88.00,92.00, Medicine            
127,88.00,90.00,88.00,85.00,80.00, Medicine            
128,75.00,78.00,75.00,80.00,78.00, Undecided           
129,92.00,94.00,89.00,92.00,85.00, Science             
130,68.00,75.00,68.00,70.00,75.00, Undecided           
131,85.00,88.00,76.00,88.00,91.00, Engineering         
132,95.00,82.00,75.00,86.00,90.00, Medicine            
133,82.00,92.00,85.00,85.00,78.00, Engineering         
134,70.00,88.00,90.00,78.00,80.00, Medicine            
135,88.00,70.00,78.00,90.00,92.00, History             
136,75.00,94.00,89.00,76.00,85.00, Undecided           
137,92.00,75.00,68.00,88.00,89.00, Arts                
138,68.00,92.00,82.00,70.00,70.00, Science             
139,85.00,78.00,75.00,85.00,82.00, Arts                
140,95.00,94.00,85.00,90.00,88.00, Engineering         
141,78.00,75.00,76.00,88.00,92.00, Medicine            
142,88.00,90.00,88.00,85.00,80.00, Medicine            
143,75.00,78.00,75.00,80.00,78.00, Undecided           
144,92.00,94.00,89.00,92.00,85.00, Science             
145,68.00,75.00,68.00,70.00,75.00, Undecided           
146,85.00,88.00,76.00,88.00,91.00, Engineering         
147,95.00,82.00,75.00,86.00,90.00, Medicine            
148,82.00,92.00,85.00,85.00,78.00, Engineering         
149,70.00,88.00,90.00,78.00,80.00, Medicine            
150,88.00,70.00,78.00,90.00,92.00, History             
151,75.00,94.00,89.00,76.00,85.00, Undecided           
152,92.00,75.00,68.00,88.00,89.00, Arts                
153,68.00,92.00,82.00,70.00,70.00, Science             
154,85.00,78.00,75.00,85.00,82.00, Arts                
155,95.00,94.00,85.00,90.00,88.00, Engineering         
156,78.00,75.00,76.00,88.00,92.00, Medicine            
157,88.00,90.00,88.00,85.00,80.00, Medicine            
158,75.00,78.00,75.00,80.00,78.00, Undecided           
159,92.00,94.00,89.00,92.00,85.00, Science             
160,68.00,75.00,68.00,70.00,75.00, Undecided           
161,85.00,88.00,76.00,88.00,91.00, Engineering         
162,95.00,82.00,75.00,86.00,90.00, Medicine            
163,82.00,92.00,85.00,85.00,78.00, Engineering         
164,70.00,88.00,90.00,78.00,80.00, Medicine            
165,88.00,70.00,78.00,90.00,92.00, History             
166,75.00,94.00,89.00,76.00,85.00, Undecided           
167,92.00,75.00,68.00,88.00,89.00, Arts                
168,68.00,92.00,82.00,70.00,70.00, Science             
169,85.00,78.00,75.00,85.00,82.00, Arts                
170,95.00,94.00,85.00,90.00,88.00, Engineering         
171,78.00,75.00,76.00,88.00,92.00, Medicine            
172,88.00,90.00,88.00,85.00,80.00, Medicine            
173,75.00,78.00,75.00,80.00,78.00, Undecided           
174,92.00,94.00,89.00,92.00,85.00, Science             
175,68.00,75.00,68.00,70.00,75.00, Undecided           
176,85.00,88.00,76.00,88.00,91.00, Engineering         
177,95.00,82.00,75.00,86.00,90.00, Medicine            
178,82.00,92.00,85.00,85.00,78.00, Engineering         
179,70.00,88.00,90.00,78.00,80.00, Medicine            
180,88.00,70.00,78.00,90.00,92.00, History             
181,75.00,94.00,89.00,76.00,85.00, Undecided           
182,92.00,75.00,68.00,88.00,89.00, Arts                
183,68.00,92.00,82.00,70.00,70.00, Science             
184,85.00,78.00,75.00,85.00,82.00, Arts                
185,95.00,94.00,85.00,90.00,88.00, Engineering         
186,78.00,75.00,76.00,88.00,92.00, Medicine            
187,88.00,90.00,88.00,85.00,80.00, Medicine            
188,75.00,78.00,75.00,80.00,78.00, Undecided           
189,92.00,94.00,89.00,92.00,85.00, Science             
190,68.00,75.00,68.00,70.00,75.00, Undecided           
191,85.00,88.00,76.00,88.00,91.00, Engineering         
192,95.00,82.00,75.00,86.00,90.00, Medicine            
193,82.00,92.00,85.00,85.00,78.00, Engineering         
194,70.00,88.00,90.00,78.00,80.00, Medicine            
195,88.00,70.00,78.00,90.00,92.00, History             
196,75.00,94.00,89.00,76.00,85.00, Undecided           
197,92.00,75.00,68.00,88.00,89.00, Arts                
198,68.00,92.00,82.00,70.00,70.00, Science             
199,85.00,78.00,75.00,85.00,82.00, Arts                
200,95.00,94.00,85.00,90.00,88.00, Engineering         
201,85.00,88.00,76.00,88.00,91.00, Engineering         
202,95.00,82.00,75.00,86.00,90.00, Medicine            
203,82.00,92.00,85.00,85.00,78.00, Engineering         
204,70.00,88.00,90.00,78.00,80.00, Medicine            
205,88.00,70.00,78.00,90.00,92.00, History             
206,75.00,94.00,89.00,76.00,85.00, Business            
207,92.00,75.00,68.00,88.00,89.00, Arts                
208,68.00,92.00,82.00,70.00,70.00, Computer Science    
209,85.00,78.00,75.00,85.00,82.00, Arts                
210,95.00,94.00,85.00,90.00,88.00, Engineering         
211,78.00,75.00,76.00,88.00,92.00, Medicine            
212,88.00,90.00,88.00,85.00,80.00, Medicine            
213,75.00,78.00,75.00,80.00,78.00, Business            
214,92.00,94.00,89.00,92.00,85.00, Science             
215,68.00,75.00,68.00,70.00,75.00, Science             
216,85.00,88.00,76.00,88.00,91.00, Engineering         
217,95.00,82.00,75.00,86.00,90.00, Medicine            
218,82.00,92.00,85.00,85.00,78.00, Engineering         
219,70.00,88.00,90.00,78.00,80.00, Medicine            
220,88.00,70.00,78.00,90.00,92.00, History             
221,75.00,94.00,89.00,76.00,85.00, Business            
222,92.00,75.00,68.00,88.00,89.00, Arts                
223,68.00,92.00,82.00,70.00,70.00, Computer Science    
224,85.00,78.00,75.00,85.00,82.00, Arts                
225,95.00,94.00,85.00,90.00,88.00, Engineering         
226,78.00,75.00,76.00,88.00,92.00, Medicine            
227,88.00,90.00,88.00,85.00,80.00, Medicine            
228,75.00,78.00,75.00,80.00,78.00, Business            
229,92.00,94.00,89.00,92.00,85.00, Science             
230,68.00,75.00,68.00,70.00,75.00, Science             
231,85.00,88.00,76.00,88.00,91.00, Engineering         
232,95.00,82.00,75.00,86.00,90.00, Medicine            
233,82.00,92.00,85.00,85.00,78.00, Engineering         
234,70.00,88.00,90.00,78.00,80.00, Medicine            
235,88.00,70.00,78.00,90.00,92.00, History             
236,75.00,94.00,89.00,76.00,85.00, Business            
237,92.00,75.00,68.00,88.00,89.00, Arts                
238,68.00,92.00,82.00,70.00,70.00, Computer Science    
239,85.00,78.00,75.00,85.00,82.00, Arts                
240,95.00,94.00,85.00,90.00,88.00, Engineering         
241,78.00,75.00,76.00,88.00,92.00, Medicine            
242,88.00,90.00,88.00,85.00,80.00, Medicine            
243,75.00,78.00,75.00,80.00,78.00, Business            
244,92.00,94.00,89.00,92.00,85.00, Science             
245,68.00,75.00,68.00,70.00,75.00, Science             
246,85.00,88.00,76.00,88.00,91.00, Engineering         
247,95.00,82.00,75.00,86.00,90.00, Medicine            
248,82.00,92.00,85.00,85.00,78.00, Engineering         
249,70.00,88.00,90.00,78.00,80.00, Medicine            
250,88.00,70.00,78.00,90.00,92.00, History             
251,75.00,94.00,89.00,76.00,85.00, Business            
252,85.00,92.00,78.00,88.00,82.00, Computer Science
253,76.00,80.00,92.00,89.00,77.00, Psychology
254,92.00,86.00,75.00,80.00,88.00, Engineering
255,81.00,78.00,84.00,90.00,85.00, Business Administration
256,90.00,93.00,80.00,86.00,81.00, Biology
257,72.00,88.00,81.00,77.00,90.00, Fine Arts
258,84.00,81.00,88.00,92.00,78.00, Communication Studies
259,88.00,77.00,82.00,85.00,92.00, Economics
260,79.00,84.00,90.00,79.00,87.00, Political Science
261,92.00,90.00,76.00,83.00,80.00, Computer Engineering
262,85.00,77.00,85.00,89.00,82.00, English Literature
263,78.00,86.00,92.00,80.00,75.00, Sociology
264,93.00,81.00,77.00,88.00,79.00, Chemistry
265,80.00,92.00,86.00,76.00,84.00, Nursing
266,86.00,79.00,91.00,84.00,77.00, Business
267,77.00,81.00,84.00,91.00,88.00, Music
268,89.00,84.00,80.00,75.00,91.00,Education
269,75.00,88.00,92.00,83.00,78.00, Graphic Design
270,91.00,77.00,79.00,87.00,86.00, Kinesiology
271,83.00,91.00,85.00,78.00,80.00, International Relations
272,87.00,88.00,78.00,92.00,75.00, Journalism
273,82.00,80.00,91.00,84.00,79.00, Environmental Science
274,79.00,83.00,85.00,77.00,90.00, Computer Programming
275,92.00,76.00,82.00,80.00,87.00, Mathematics
276,76.00,88.00,77.00,78.00,81.00, Education
277,85.00,91.00,89.00,86.00,76.00, Marketing
278,77.00,81.00,80.00,90.00,83.00, Linguistics
279,89.00,75.00,87.00,81.00,88.00, Education
280,84.00,93.00,75.00,85.00,79.00,Health Sciences
281,74.00,86.00,91.00,87.00,82.00, Health Sciences
282,91.00,78.00,79.00,82.00,85.00, Architecture
283,83.00,92.00,86.00,76.00,80.00, Film Studies
284,88.00,77.00,84.00,78.00,86.00, Social Work
285,79.00,84.00,92.00,83.00,75.00, Anthropology
286,92.00,82.00,79.00,88.00,81.00, Journalism
287,77.00,86.00,91.00,80.00,78.00,Business
288,87.00,79.00,83.00,90.00,77.00, Political Science
289,80.00,93.00,88.00,86.00,90.00, Chemistry
290,76.00,88.00,83.00,81.00,85.00, Graphic Design
291,89.00,78.00,85.00,75.00,76.00, Economics
292,81.00,91.00,77.00,88.00,90.00, Sociology
293,75.00,83.00,82.00,79.00,87.00, Computer Science
294,92.00,77.00,82.00,77.00,80.00, Environmental Science
295,78.00,91.00,88.00,84.00,78.00, Business Administration
296,93.00,80.00,85.00,84.00,82.00, Architecture
297,84.00,76.00,91.00,82.00,79.00, Psychology
298,81.00,88.00,79.00,89.00,83.00, Fine Arts
299,77.00,80.00,86.00,88.00,85.00, Biology
300,90.00,79.00,78.00,76.00,90.00, Computer Engineering
301,87.00,92.00,90.00,80.00,77.00, English Literature
302,86.00,77.00,75.00,85.00,88.00, Marketing
303,75.00,81.00,92.00,87.00,78.00, Education
304,91.00,85.00,77.00,82.00,81.00, International Relations
305,82.00,79.00,90.00,78.00,76.00, Nursing
306,93.00,84.00,81.00,89.00,82.00, Journalism
307,83.00,75.00,88.00,76.00,88.00,Education
308,78.00,91.00,79.00,81.00,75.00, Music
309,89.00,86.00,84.00,85.00,90.00, Graphic Design
310,79.00,81.00,77.00,90.00,83.00, Business
311,76.00,88.00,81.00,89.00,79.00, Sociology
312,92.00,79.00,88.00,77.00,80.00, Chemistry
313,81.00,93.00,90.00,88.00,82.00, Nursing
314,85.00,80.00,77.00,79.00,76.00, Kinesiology
315,87.00,76.00,93.00,84.00,90.00, Computer Science
316,82.00,81.00,80.00,75.00,76.00, Political Science
317,79.00,84.00,89.00,85.00,88.00, Engineering
318,91.00,77.00,78.00,88.00,82.00, Fine Arts
319,83.00,87.00,92.00,80.00,75.00, Business Administration
320,78.00,86.00,76.00,90.00,85.00, Biology
321,93.00,80.00,85.00,76.00,81.00, Psychology
322,84.00,79.00,87.00,83.00,88.00, Computer Engineering
323,86.00,75.00,81.00,88.00,78.00, English Literature
324,77.00,82.00,88.00,76.00,83.00, Sociology
325,89.00,78.00,81.00,89.00,90.00, Chemistry
326,80.00,93.00,77.00,90.00,82.00, Business
327,75.00,82.00,88.00,78.00,80.00, Political Science
328,91.00,79.00,81.00,87.00,86.00,Education
329,87.00,81.00,77.00,86.00,82.00, Graphic Design
330,83.00,88.00,85.00,75.00,88.00, Kinesiology
331,76.00,84.00,82.00,85.00,90.00, Environmental Science
332,90.00,77.00,86.00,83.00,76.00, International Relations
333,82.00,91.00,75.00,78.00,76.00, Music
334,79.00,85.00,90.00,77.00,78.00, Journalism
335,92.00,78.00,84.00,86.00,88.00, Nursing
336,84.00,77.00,80.00,88.00,87.00, Computer Science
337,87.00,85.00,79.00,75.00,80.00, Psychology
338,80.00,79.00,81.00,89.00,78.00, Engineering
339,76.00,84.00,88.00,90.00,90.00, Business Administration
340,91.00,76.00,81.00,86.00,85.00, Biology
341,83.00,89.00,90.00,78.00,76.00, Fine Arts
342,75.00,85.00,80.00,88.00,82.00, Communication Studies
343,92.00,78.00,77.00,89.00,81.00, Economics
344,81.00,83.00,89.00,77.00,90.00, Political Science
345,78.00,76.00,92.00,85.00,77.00, Computer Engineering
346,88.00,81.00,79.00,92.00,82.00, English Literature
347,83.00,76.00,75.00,87.00,86.00, Marketing
348,77.00,85.00,91.00,86.00,88.00, Education
349,84.00,77.00,90.00,83.00,76.00,Health Sciences
350,80.00,89.00,76.00,85.00,90.00, Health Sciences
351,76.00,83.00,88.00,90.00,84.00, Architecture
352,85.00,88.00,76.00,88.00,91.00, Engineering         
353,95.00,82.00,75.00,86.00,90.00, Medicine            
354,82.00,92.00,85.00,85.00,78.00, Engineering         
355,70.00,88.00,90.00,78.00,80.00, Medicine            
356,88.00,70.00,78.00,90.00,92.00, History             
357,75.00,94.00,89.00,76.00,85.00, Business            
358,92.00,75.00,68.00,88.00,89.00, Arts                
359,68.00,92.00,82.00,70.00,70.00, Science             
360,85.00,78.00,75.00,85.00,82.00, Arts                
361,95.00,94.00,85.00,90.00,88.00, Engineering         
362,78.00,75.00,76.00,88.00,92.00, Medicine            
363,88.00,90.00,88.00,85.00,80.00, Medicine            
364,75.00,78.00,75.00,80.00,78.00, Business            
365,92.00,94.00,89.00,92.00,85.00, Science             
366,68.00,75.00,68.00,70.00,75.00, Engineering         
367,85.00,88.00,76.00,88.00,91.00, Engineering         
368,95.00,82.00,75.00,86.00,90.00, Medicine            
369,82.00,92.00,85.00,85.00,78.00, Engineering         
370,70.00,88.00,90.00,78.00,80.00, Medicine            
371,88.00,70.00,78.00,90.00,92.00, History             
372,75.00,94.00,89.00,76.00,85.00, Business            
373,92.00,75.00,68.00,88.00,89.00, Arts                
374,68.00,92.00,82.00,70.00,70.00, Science             
375,85.00,78.00,75.00,85.00,82.00, Arts                
376,95.00,94.00,85.00,90.00,88.00, Engineering         
377,78.00,75.00,76.00,88.00,92.00, Medicine            
378,88.00,90.00,88.00,85.00,80.00, Medicine            
379,75.00,78.00,75.00,80.00,78.00, Business            
380,92.00,94.00,89.00,92.00,85.00, Science             
381,68.00,75.00,68.00,70.00,75.00, Engineering         
382,85.00,88.00,76.00,88.00,91.00, Engineering         
383,95.00,82.00,75.00,86.00,90.00, Medicine            
384,82.00,92.00,85.00,85.00,78.00, Engineering         
385,70.00,88.00,90.00,78.00,80.00, Medicine            
386,88.00,70.00,78.00,90.00,92.00, History             
387,75.00,94.00,89.00,76.00,85.00, Business            
388,92.00,75.00,68.00,88.00,89.00, Arts                
389,68.00,92.00,82.00,70.00,70.00, Science             
390,85.00,78.00,75.00,85.00,82.00, Arts                
391,95.00,94.00,85.00,90.00,88.00, Engineering         
392,78.00,75.00,76.00,88.00,92.00, Medicine            
393,88.00,90.00,88.00,85.00,80.00, Medicine            
394,75.00,78.00,75.00,80.00,78.00, Business            
395,92.00,94.00,89.00,92.00,85.00, Science             
396,68.00,75.00,68.00,70.00,75.00, Engineering         
397,87.00,88.00,76.00,88.00, null        , Engineering         
398,90.00,82.00,75.00,86.00, null        , Medicine            
399,87.00,92.00,85.00,85.00, null        , Engineering         
400,70.00,85.00,90.00, null         ,80.00, Medicine            
401,88.00, null          ,78.00,90.00, null        , History             
402,75.00, null          ,89.00, null         ,85.00, Business            
451,83.00,88.00,75.00,76.00,79.00, Psychology
452,78.00,89.00,86.00,84.00,83.00, Engineering
453,91.00,75.00,79.00,88.00,85.00, Business Administration
454,81.00,86.00,88.00,75.00,76.00, Biology
455,87.00,81.00,82.00,89.00,83.00, Computer Science
456,76.00,87.00,86.00,78.00,85.00, Communication Studies
457,85.00,80.00,92.00,84.00,76.00, Economics
458,79.00,83.00,75.00,89.00,87.00, Political Science
459,92.00,78.00,81.00,75.00,80.00, Computer Engineering
460,84.00,76.00,88.00,86.00,85.00, English Literature
461,77.00,89.00,82.00,78.00,88.00, Fine Arts
462,90.00,75.00,85.00,88.00,80.00, Nursing
463,75.00,86.00,80.00,83.00,89.00, Business
464,83.00,89.00,90.00,82.00,75.00, Sociology
465,88.00,77.00,75.00,87.00,81.00, Chemistry
466,80.00,84.00,89.00,81.00,76.00, Architecture
467,85.00,79.00,84.00,89.00,82.00, Kinesiology
468,76.00,85.00,89.00,85.00,80.00, International Relations
469,89.00,81.00,78.00,84.00,83.00, Music
470,81.00,89.00,86.00,76.00,87.00, Marketing
471,76.00,82.00,88.00,77.00,89.00, English Literature
472,84.00,77.00,82.00,89.00,76.00, Psychology
473,78.00,83.00,85.00,77.00,88.00, Computer Engineering
474,90.00,76.00,89.00,82.00,87.00, Environmental Science
475,75.00,85.00,84.00,88.00,86.00, Business Administration
476,86.00,78.00,81.00,83.00,79.00, Fine Arts
477,83.00,87.00,90.00,75.00,88.00, Biology
478,77.00,81.00,76.00,88.00,86.00, Political Science
479,85.00,89.00,75.00,84.00,80.00, Communication Studies
480,79.00,84.00,82.00,89.00,87.00, Computer Science
481,92.00,77.00,78.00,85.00,76.00, Business
482,84.00,82.00,89.00,77.00,85.00, Sociology
483,85.00,78.00,84.00,75.00,87.00, Nursing
484,76.00,86.00,75.00,83.00,89.00, Chemistry
485,91.00,79.00,88.00,82.00,79.00, Journalism
486,80.00,83.00,75.00,87.00,85.00, Architecture
487,87.00,76.00,82.00,86.00,77.00, Psychology
488,79.00,85.00,89.00,75.00,88.00,Business
489,86.00,77.00,84.00,83.00,80.00,Health Sciences
490,77.00,84.00,79.00,82.00,87.00, Sociology
491,92.00,78.00,81.00,85.00,76.00, Environmental Science
492,85.00,82.00,89.00,77.00,86.00, Business Administration
493,76.00,87.00,82.00,86.00,75.00, Biology
494,82.00,76.00,85.00,87.00,80.00, Fine Arts
495,89.00,85.00,76.00,83.00,84.00, Communication Studies
496,81.00,75.00,86.00,89.00,75.00, Computer Engineering
497,76.00,84.00,85.00,81.00,83.00, Nursing
498,88.00,78.00,79.00,88.00,86.00, Political Science
499,83.00,76.00,78.00,85.00,79.00, Engineering
500,78.00,86.00,77.00,84.00,87.00, Journalism
501,90.00,77.00,82.00,86.00,76.00, Computer Science
502,75.00,85.00,83.00,79.00,88.00, Economics
503,89.00,76.00,81.00,85.00,79.00, Psychology
504,79.00,84.00,88.00,79.00,85.00, Environmental Science
505,77.00,86.00,82.00,81.00,79.00, Business Administration
506,87.00,77.00,81.00,89.00,80.00, Fine Arts
507,84.00,79.00,76.00,88.00,78.00, Nursing
508,76.00,83.00,85.00,77.00,82.00, Chemistry
509,91.00,75.00,80.00,88.00,81.00, Communication Studies
510,82.00,81.00,84.00,75.00,80.00, Journalism
511,78.00,83.00,76.00,85.00,81.00, Marketing
512,88.00,77.00,80.00,86.00,84.00, Engineering
513,80.00,84.00,81.00,79.00,82.00, Computer Science
514,85.00,76.00,83.00,88.00,81.00, Political Science
515,76.00,85.00,89.00,78.00,80.00, Business Administration
516,83.00,78.00,86.00,89.00,81.00, Sociology
517,87.00,75.00,88.00,85.00,78.00, Nursing
518,79.00,86.00,84.00,80.00,83.00, Business
519,91.00,77.00,90.00,83.00,76.00, Communication Studies
520,75.00,88.00,83.00,85.00,82.00, Computer Engineering
521,88.00,79.00,82.00,86.00,75.00, Psychology
522,82.00,87.00,85.00,79.00,83.00, Environmental Science
523,76.00,89.00,77.00,82.00,85.00, Business Administration
524,84.00,78.00,89.00,86.00,76.00, Fine Arts
525,77.00,83.00,75.00,88.00,78.00, Economics
526,89.00,76.00,88.00,82.00,81.00, Political Science
527,81.00,80.00,89.00,78.00,83.00, Computer Science
528,76.00,82.00,83.00,84.00,85.00, Business Administration
529,85.00,76.00,80.00,81.00,78.00, Biology
530,78.00,89.00,86.00,83.00,82.00, Communication Studies
531,90.00,75.00,75.00,82.00,86.00, Engineering
532,75.00,86.00,85.00,89.00,79.00, Computer Engineering
533,91.00,79.00,84.00,85.00,78.00, Psychology
534,84.00,77.00,90.00,78.00,87.00, Nursing
535,80.00,84.00,89.00,82.00,75.00, Chemistry
536,77.00,75.00,86.00,88.00,79.00, Journalism
537,85.00,81.00,83.00,75.00,81.00, Fine Arts
538,76.00,83.00,82.00,86.00,84.00, Business Administration
539,88.00,75.00,79.00,89.00,77.00, Sociology
540,79.00,85.00,88.00,87.00,82.00, Communication Studies
541,86.00,78.00,83.00,79.00,88.00, Computer Science
542,75.00,83.00,79.00,82.00,75.00, Political Science
543,89.00,77.00,82.00,88.00,81.00, Environmental Science
544,79.00,75.00,78.00,85.00,86.00, Computer Engineering
545,87.00,79.00,85.00,79.00,75.00, Business Administration
546,82.00,76.00,89.00,86.00,80.00, Biology
547,76.00,85.00,80.00,89.00,77.00, Fine Arts
548,84.00,78.00,87.00,85.00,83.00, Nursing
549,77.00,84.00,75.00,88.00,78.00, Chemistry
550,82.00,77.00,81.00,83.00,89.00, Sociology
551,80.00,73.00,88.00,76.00,82.00, Computer Science
552,74.00,89.00,83.00,85.00,79.00, Business Administration
553,91.00,82.00,76.00,87.00,77.00, Engineering
554,85.00,79.00,88.00,76.00,81.00, Biology
555,77.00,88.00,85.00,84.00,76.00, Communication Studies
556,86.00,76.00,82.00,87.00,85.00, Psychology
557,79.00,84.00,87.00,76.00,83.00, Computer Engineering
558,75.00,87.00,83.00,86.00,81.00, Economics
559,88.00,75.00,76.00,85.00,84.00, Political Science
560,80.00,83.00,89.00,77.00,82.00, Nursing
561,76.00,85.00,88.00,86.00,78.00, Business
562,89.00,79.00,82.00,75.00,87.00, Sociology
563,81.00,76.00,89.00,83.00,85.00, Chemistry
564,76.00,87.00,83.00,82.00,79.00, Architecture
565,84.00,77.00,85.00,79.00,83.00, International Relations
566,77.00,82.00,84.00,88.00,80.00, Computer Science
567,82.00,84.00,76.00,77.00,86.00, Fine Arts
568,78.00,88.00,85.00,84.00,75.00, Psychology
569,90.00,78.00,76.00,87.00,83.00, Communication Studies
570,75.00,85.00,87.00,83.00,81.00, Business Administration
571,85.00,74.00,80.00,89.00,76.00, Computer Engineering
572,76.00,86.00,86.00,79.00,82.00, English Literature
573,80.00,83.00,75.00,88.00,84.00, Engineering
574,76.00,88.00,88.00,76.00,79.00, Fine Arts
575,85.00,79.00,84.00,76.00,83.00, Nursing
576,77.00,84.00,87.00,83.00,80.00, Chemistry
577,82.00,75.00,79.00,87.00,85.00, Political Science
578,74.00,87.00,83.00,85.00,78.00, Computer Science
579,88.00,76.00,76.00,83.00,86.00, Business Administration
580,80.00,84.00,87.00,85.00,75.00, Sociology
581,76.00,85.00,86.00,82.00,79.00, Communication Studies
582,84.00,78.00,75.00,88.00,86.00, Environmental Science
583,75.00,83.00,87.00,84.00,80.00, Business Administration
584,87.00,77.00,82.00,88.00,83.00, Psychology
585,79.00,85.00,88.00,82.00,75.00, Computer Engineering
586,76.00,83.00,87.00,77.00,85.00, Nursing
587,81.00,77.00,85.00,86.00,83.00, Fine Arts
588,77.00,84.00,86.00,75.00,81.00, Business Administration
589,83.00,76.00,88.00,82.00,80.00, Economics
590,76.00,87.00,85.00,79.00,85.00, Political Science
591,88.00,76.00,76.00,84.00,80.00, International Relations
592,80.00,82.00,88.00,85.00,84.00, Computer Science
593,75.00,83.00,87.00,77.00,79.00, Business Administration
594,82.00,75.00,86.00,89.00,85.00, Biology
595,76.00,86.00,82.00,85.00,75.00, Environmental Science
596,84.00,78.00,81.00,89.00,87.00, Communication Studies
597,77.00,85.00,79.00,88.00,80.00, Computer Engineering
598,80.00,79.00,89.00,76.00,83.00, Business Administration
599,76.00,86.00,78.00,89.00,82.00, English Literature
600,84.00,79.00,82.00,81.00,88.00, Psychology
601,78.00,83.00,88.00,82.00,76.00, Computer Science
602,89.00,77.00,75.00,83.00,80.00, Engineering
603,81.00,75.00,88.00,86.00,83.00, Nursing
604,75.00,85.00,87.00,79.00,81.00, Chemistry
605,91.00,76.00,75.00,88.00,85.00, Business Administration
606,83.00,78.00,86.00,78.00,87.00, Political Science
607,77.00,84.00,83.00,81.00,75.00, Computer Science
608,85.00,78.00,80.00,88.00,83.00, Fine Arts
609,76.00,83.00,84.00,87.00,81.00, Sociology
610,80.00,77.00,87.00,83.00,76.00, Communication Studies
611,76.00,87.00,80.00,82.00,88.00, Business Administration
612,85.00,78.00,75.00,88.00,82.00, Computer Science
613,76.00,84.00,82.00,85.00,75.00, Psychology
614,83.00,76.00,88.00,82.00,85.00, Nursing
615,77.00,86.00,80.00,79.00,88.00, Business
616,81.00,75.00,87.00,81.00,83.00, Chemistry
617,76.00,83.00,84.00,80.00,87.00, International Relations
618,84.00,77.00,75.00,84.00,85.00, Computer Engineering
619,75.00,85.00,83.00,83.00,80.00, Business Administration
620,88.00,75.00,79.00,85.00,81.00, Sociology
621,80.00,81.00,88.00,77.00,86.00, Communication Studies
622,76.00,82.00,81.00,88.00,79.00, Computer Science
623,82.00,84.00,78.00,85.00,81.00, Business Administration
624,78.00,83.00,86.00,81.00,76.00, Engineering
625,85.00,77.00,79.00,87.00,87.00, Biology
626,77.00,84.00,83.00,75.00,80.00, Political Science
627,80.00,76.00,88.00,82.00,86.00, Computer Engineering
628,76.00,83.00,87.00,83.00,79.00, Fine Arts
629,84.00,78.00,85.00,77.00,81.00, Nursing
630,77.00,86.00,80.00,83.00,87.00, Chemistry
631,82.00,80.00,75.00,89.00,83.00, Communication Studies
632,76.00,85.00,87.00,83.00,75.00, Business Administration
633,80.00,77.00,86.00,76.00,85.00, Computer Science
634,76.00,83.00,88.00,75.00,79.00, Psychology
635,83.00,75.00,81.00,89.00,86.00, Environmental Science
636,75.00,86.00,89.00,76.00,85.00, Business Administration
637,86.00,77.00,80.00,88.00,82.00, Sociology
638,79.00,84.00,85.00,87.00,76.00, Communication Studies
639,75.00,82.00,83.00,88.00,82.00, Computer Science
640,81.00,80.00,77.00,85.00,79.00, Nursing
641,76.00,85.00,88.00,76.00,81.00, Business Administration
642,84.00,78.00,81.00,88.00,87.00, Fine Arts
643,77.00,83.00,87.00,75.00,82.00, Economics
644,82.00,76.00,88.00,83.00,80.00, Political Science
645,76.00,84.00,83.00,79.00,88.00, Biology
646,80.00,75.00,86.00,85.00,81.00, Computer Engineering
647,76.00,87.00,87.00,78.00,86.00, Psychology
648,83.00,78.00,78.00,86.00,75.00, Communication Studies
649,77.00,85.00,79.00,88.00,82.00, Business Administration
650,84.00,76.00,85.00,79.00,83.00, Environmental Science
651,75.00,88.00,76.00,88.00,85.00, Engineering         
652,68.00,82.00,75.00,86.00, null        , Medicine            
653,88.00,92.00,85.00,85.00,78.00, Engineering         
654,70.00,88.00,90.00,78.00, null        , Medicine            
655,92.00,70.00,78.00,90.00,92.00, History             
656,85.00,94.00,89.00,76.00, null        , Business            
657,55.00,75.00,68.00,88.00,89.00, Arts                
658,65.00,92.00,82.00,70.00,70.00, Science             
659,85.00,78.00,75.00,85.00, null        , Arts                
660,95.00,94.00,85.00,90.00,88.00, Engineering         
661,78.00,75.00,76.00,88.00, null        , Medicine            
662,88.00,90.00,88.00,85.00,80.00, Medicine            
663,62.00,78.00,75.00,80.00,78.00, Business            
664,92.00,94.00,89.00,92.00,85.00, Science             
665,68.00,75.00,68.00,70.00, null        , Engineering         
666,85.00,88.00,76.00,88.00,91.00, Engineering         
667,95.00,82.00,75.00,86.00,90.00, Medicine            
668,82.00,92.00,85.00,85.00,78.00, Engineering         
669,70.00,88.00,90.00,78.00,80.00, Medicine            
670,88.00,70.00,78.00,90.00, null        , History             
671,60.00,94.00,89.00,76.00,85.00, Business            
672,92.00,75.00,68.00,88.00,89.00, Arts                
673,68.00,92.00,82.00,70.00, null        , Science             
674,85.00,78.00,75.00,85.00,82.00, Arts                
675,95.00,94.00,85.00,90.00,88.00, Engineering         
676,78.00,75.00,76.00,88.00,92.00, Medicine            
677,88.00,90.00,88.00,85.00,80.00, Medicine            
678,75.00,78.00,75.00,80.00,78.00, Business            
679,92.00,94.00,89.00,92.00,85.00, Science             
680,68.00,75.00,68.00,70.00,75.00, Engineering         
681,85.00,88.00,76.00,88.00,91.00, Engineering         
682,95.00,82.00,75.00,86.00,90.00, Medicine            
683,82.00,92.00,85.00,85.00,78.00, Engineering         
684,70.00,88.00,90.00,78.00,80.00, Medicine            
685,88.00,70.00,78.00,90.00,92.00, History             
686,75.00,94.00,89.00,76.00,85.00, Business            
687,92.00,75.00,68.00,88.00,89.00, Arts                
688,68.00,92.00,82.00,70.00,70.00, Science             
689,85.00,78.00,75.00,85.00,82.00, Arts                
690,95.00,94.00,85.00,90.00,88.00, Engineering         
691,78.00,75.00,76.00,88.00,92.00, Medicine            
692,88.00,90.00,88.00,85.00,80.00, Medicine            
693,75.00,78.00,75.00,80.00,78.00, Business            
694,92.00,94.00,89.00,92.00,85.00, Science             
695,68.00,75.00,68.00,70.00,75.00, Engineering         
696,85.00,88.00,76.00,88.00,91.00, Engineering         
697,95.00,82.00,75.00,86.00,90.00, Medicine            
698,82.00,92.00,85.00,85.00,78.00, Engineering         
699,70.00,88.00,90.00,78.00,80.00, Medicine            
700,88.00,70.00,78.00,90.00,92.00, History             
701,75.00,94.00,89.00,76.00,85.00, Business            
702,92.00,75.00,68.00,88.00,89.00, Arts                
703,68.00,92.00,82.00,70.00,70.00, Science             
704,85.00,78.00,75.00,85.00,82.00, Arts                
705,95.00,94.00,85.00,90.00,88.00, Engineering         
706,78.00,75.00,76.00,88.00,92.00, Medicine            
707,88.00,90.00,88.00,85.00,80.00, Medicine            
708,75.00,78.00,75.00,80.00,78.00, Business            
709,92.00,94.00,89.00,92.00,85.00, Science             
710,68.00,75.00,68.00,70.00,75.00, Engineering         
